Stock,RawStock,Horizon,Tag,Entry,EntryZone,Qty,Risk,RSI,RS_Rating,Vol vs 50d,EqSL,EqT1,EqT2,EqT3,Score,TL_D1,TL_V1,TL_V2
PETRONET (↑),PETRONET,Pre-Breakout,💥 Pre-Breakout Coil (+RSI Div),298.45,₹297.6 - ₹300.2 (🎯 ₹298.7),167,876.75,52.7,+11.3%,1.0,293.2,304.5,308.9,315.2,79,,,0.0
KOTAKBANK (↑),KOTAKBANK,Pre-Breakout,💥 Pre-Breakout Coil,439.0,₹437.6 - ₹441.8 (🎯 ₹439.5),113,949.2,67.9,+16.0%,0.76,430.6,450.0,458.0,469.5,78,,,0.0
COFORGE (↑),COFORGE,Pre-Breakout,💥 Pre-Breakout Coil,1845.0,₹1836.9 - ₹1861.3 (🎯 ₹1847.7),27,1320.3,58.4,+15.7%,0.11,1796.1,1898.4,1938.5,1994.6,78,,,0.0
LAURUSLABS (↑),LAURUSLABS,Pre-Breakout,💥 Pre-Breakout Coil,2037.7,₹2030.8 - ₹2051.6 (🎯 ₹2040.0),24,1000.8,66.1,+22.8%,0.28,1996.0,2089.3,2127.2,2181.1,76,,,0.0
GNFC (↑),GNFC,Pre-Breakout,💥 Pre-Breakout Coil,619.05,₹616.1 - ₹625.0 (🎯 ₹620.0),80,1436.0,61.9,+21.8%,0.2,601.1,643.7,661.5,687.1,76,,,0.0
BALRAMCHIN (↑),BALRAMCHIN,Pre-Breakout,💥 Pre-Breakout Coil,700.45,₹696.5 - ₹708.3 (🎯 ₹701.8),71,1672.05,48.4,+14.4%,1.0,676.9,725.1,743.8,769.8,74,,,0.0
BHEL (↑),BHEL,Pre-Breakout,💥 Pre-Breakout Coil,450.8,₹449.0 - ₹454.4 (🎯 ₹451.4),110,1199.0,62.4,+9.4%,0.76,439.9,464.3,474.3,488.4,71,,,0.0
ACE (↑),ACE,Pre-Breakout,💥 Pre-Breakout Coil,1242.5,₹1237.1 - ₹1253.3 (🎯 ₹1244.3),40,1300.0,59.6,+22.4%,0.19,1210.0,1285.6,1317.0,1361.9,71,,,0.0
DIVISLAB (↑),DIVISLAB,Pre-Breakout,💥 Pre-Breakout Coil (+RSI Div),9500.0,₹9473.1 - ₹9553.9 (🎯 ₹9509.0),5,808.0,42.8,+20.6%,1.0,9338.4,9704.2,9853.6,10066.8,70,,,0.0
RBLBANK (↑),RBLBANK,Swing,🔄 20-EMA Pullback Retest,412.8,₹407.6 - ₹412.8 (🎯 ₹409.5),121,1113.2,54.3,+12.3%,0.14,403.6,422.3,429.3,439.3,67,,,0.0
ADANIPORTS (↑),ADANIPORTS,Pre-Breakout,💥 Pre-Breakout Coil (+RSI Div),1774.3,₹1768.1 - ₹1786.8 (🎯 ₹1776.4),28,1047.2,54.3,+3.5%,1.0,1736.9,1813.1,1842.5,1883.4,66,,,0.0
DLF (↑),DLF,Swing,🔄 20-EMA Pullback Retest,660.55,₹659.7 - ₹660.5 (🎯 ₹662.8),75,1136.25,57.0,+7.0%,0.2,645.4,678.2,691.0,709.4,66,,,0.0
