Date,Ticker,Open,High,Low,Close,Volume
2026-02-24,ABBOTINDIA,25796.361831500093,25913.618021643277,25615.591871696022,25762.162109375,1960.0
2026-02-25,ABBOTINDIA,25879.417930293923,25894.074953852705,25503.220992285118,25806.1328125,5546.0
2026-02-26,ABBOTINDIA,25933.160583855057,25933.160583855057,25664.4484828543,25752.390625,1908.0
2026-02-27,ABBOTINDIA,25806.13248489328,25986.902439823432,25478.792296235984,25923.388671875,7169.0
2026-03-02,ABBOTINDIA,25429.93442768082,26284.92741996596,25405.506056472674,26192.099609375,12530.0
2026-03-04,ABBOTINDIA,26192.09979152628,27291.376503537736,25898.959334989893,27188.77734375,25338.0
2026-03-05,ABBOTINDIA,27266.949197178277,27838.573109751265,26890.75226326272,26983.580078125,18832.0
2026-03-06,ABBOTINDIA,26983.580056324336,26998.237079711802,26538.983680237878,26700.2109375,6061.0
2026-03-09,ABBOTINDIA,26382.64215387622,26675.78262225262,26123.701406810396,26563.412109375,6395.0
2026-03-10,ABBOTINDIA,26675.782422894907,26739.296190568468,26094.38716496002,26196.986328125,9965.0
2026-03-11,ABBOTINDIA,26382.641386144303,26700.210217644188,26040.644182990578,26578.068359375,9145.0
2026-03-12,ABBOTINDIA,26382.64123102867,26382.64123102867,25923.387846636688,26074.84375,6590.0
2026-03-13,ABBOTINDIA,25825.675148802624,26636.69710769427,25688.8762641703,26343.556640625,7310.0
2026-03-16,ABBOTINDIA,26426.61308352081,26470.584153543306,25996.673732189727,26060.1875,9442.0
2026-03-17,ABBOTINDIA,26275.15613111413,26275.15613111413,25688.875220788042,25845.216796875,5175.0
2026-03-18,ABBOTINDIA,25894.07349674171,26089.500466528436,25674.218155731636,25771.931640625,8384.0
2026-03-19,ABBOTINDIA,25708.417825110788,26475.46868002192,25405.506022534413,25908.73046875,9265.0
2026-03-20,ABBOTINDIA,25908.731227993987,26177.44331879913,25796.360717293657,26104.158203125,5188.0
2026-03-23,ABBOTINDIA,25962.47458140205,25962.47458140205,24838.769433919464,24902.283203125,15029.0
2026-03-24,ABBOTINDIA,25102.59512447528,26382.641820195895,24770.36926451726,26187.21484375,14823.0
2026-03-25,ABBOTINDIA,26245.842457039384,26480.35482448873,25688.875584347188,25801.24609375,9078.0
2026-03-27,ABBOTINDIA,25850.103081431153,25947.81656879245,25273.5935059995,25537.419921875,9729.0
2026-03-30,ABBOTINDIA,25459.25005916277,25600.93462099653,25131.909864581325,25322.451171875,23537.0
2026-04-01,ABBOTINDIA,25811.017619045513,25942.93082663859,25395.735298845084,25884.302734375,6360.0
2026-04-02,ABBOTINDIA,25874.53153533384,25942.93097670368,25395.73544574496,25683.990234375,4065.0
2026-04-06,ABBOTINDIA,25683.990813637407,25835.44672294362,25273.594156162508,25302.908203125,8267.0
2026-04-07,ABBOTINDIA,25405.506191554647,25464.13428276593,25014.652250146115,25078.166015625,5275.0
2026-04-08,ABBOTINDIA,25498.33555367505,25635.13444148936,25205.195079787234,25258.9375,9402.0
2026-04-09,ABBOTINDIA,25503.220269770656,25503.220269770656,25131.909016800815,25190.537109375,10072.0
2026-04-10,ABBOTINDIA,25371.30706147874,25376.19273585992,25034.195529177174,25190.537109375,9771.0
2026-04-13,ABBOTINDIA,24975.56766581633,25302.907852359695,24731.283944515308,25136.794921875,6904.0
2026-04-15,ABBOTINDIA,25302.907335779593,25498.334308830606,25166.108454643887,25381.078125,15735.0
2026-04-16,ABBOTINDIA,25503.221364740428,25552.078110649894,25161.224143374176,25268.708984375,6973.0
2026-04-17,ABBOTINDIA,25395.736486056572,25395.736486056572,24965.797122691245,25195.423828125,15053.0
2026-04-20,ABBOTINDIA,25298.022743395304,25298.022743395304,24916.94012964775,24965.796875,14619.0
2026-04-21,ABBOTINDIA,25024.423702327902,25102.594490933378,24760.597290784423,24804.568359375,12807.0
2026-04-22,ABBOTINDIA,24819.226832956334,25170.99540224233,24799.684134662668,24838.76953125,42549.0
2026-04-23,ABBOTINDIA,24858.312094155845,25087.93879785579,24770.36995231331,24828.998046875,10085.0
2026-04-24,ABBOTINDIA,24809.45418068035,24926.710364283408,24574.941813474234,24604.255859375,7767.0
2026-04-27,ABBOTINDIA,24741.05513458702,24975.567505530973,24604.256251536382,24843.654296875,50411.0
2026-04-28,ABBOTINDIA,24843.65516805583,25014.653777865457,24623.79981258631,24765.484375,8029.0
2026-04-29,ABBOTINDIA,24985.339534776744,25180.766515885673,24824.112275361877,24892.51171875,7212.0
2026-04-30,ABBOTINDIA,24814.340385879448,24902.28252546319,24672.655827661194,24853.42578125,4669.0
2026-05-01,ABBOTINDIA,24853.42578125,24853.42578125,24853.42578125,24853.42578125,0.0
2026-05-04,ABBOTINDIA,24897.39657928389,25244.279459411275,24785.026068820087,24833.8828125,13700.0
2026-05-05,ABBOTINDIA,24838.76895005928,24990.224858291345,24599.370901563427,24726.3984375,9490.0
2026-05-06,ABBOTINDIA,24858.31051568441,25845.216711472196,24848.539167211264,25698.646484375,17912.0
2026-05-07,ABBOTINDIA,25942.931717433286,26480.355914969572,25825.675528879918,26089.501953125,27578.0
2026-05-08,ABBOTINDIA,26226.3008397706,26265.38623595506,25942.931717433286,26089.501953125,11131.0
2026-05-11,ABBOTINDIA,26089.50211650027,27271.83535848399,25732.847874083694,27159.46484375,39207.0
2026-05-12,ABBOTINDIA,27359.776080390337,27359.776080390337,26074.843739472002,26284.927734375,18760.0
2026-05-13,ABBOTINDIA,26480.355951303613,26964.037729749933,26304.47166823222,26656.240234375,15814.0
2026-05-14,ABBOTINDIA,26959.151394866232,26978.694092506586,26646.468232620595,26890.751953125,9543.0
2026-05-15,ABBOTINDIA,27066.636067242303,27457.490017671797,26876.09476640793,27301.1484375,11584.0
2026-05-18,ABBOTINDIA,27345.120281725605,27633.375078334826,26900.52390051477,27286.4921875,12613.0
2026-05-19,ABBOTINDIA,27306.035080359554,27374.43452411068,27051.98000356966,27159.46484375,5009.0
2026-05-20,ABBOTINDIA,27208.320749097627,27310.91991155607,26695.32493680543,26817.466796875,5283.0
2026-05-21,ABBOTINDIA,26866.3232969793,27242.520222578027,26866.3232969793,27081.29296875,6955.0
2026-05-22,ABBOTINDIA,27110.607596624595,27345.119970861033,26563.41205673958,27193.6640625,8815.0
2026-05-25,ABBOTINDIA,27247.405760396927,27325.576549740006,26773.495350004512,27071.521484375,11197.0
2026-05-26,ABBOTINDIA,27227.862747518448,27242.519770350416,26871.208525273905,26978.693359375,14422.0
2026-05-27,ABBOTINDIA,27164.349704795382,27188.77807683207,26827.23817068911,27100.8359375,5170.0
2026-05-28,ABBOTINDIA,27100.8359375,27100.8359375,27100.8359375,27100.8359375,0.0
2026-05-29,ABBOTINDIA,27100.835720041658,27208.320556140618,26021.101684683952,26240.95703125,10979.0
2026-06-01,ABBOTINDIA,26475.470181369925,26553.64097356441,25962.47435759361,26226.30078125,7107.0
2026-06-02,ABBOTINDIA,26113.929717953746,26133.472415591128,25664.447672293925,25693.76171875,6596.0
2026-06-03,ABBOTINDIA,25732.84802436466,25815.90449226179,25410.393501940496,25688.876953125,4849.0
2026-06-04,ABBOTINDIA,25688.876448580315,25786.58993830485,25161.223604067825,25229.623046875,8812.0
2026-06-05,ABBOTINDIA,25405.50730987133,25581.39159124736,25278.47977332197,25439.70703125,3619.0
2026-06-08,ABBOTINDIA,25439.706502815287,25640.019152443754,25083.052272988993,25190.537109375,3868.0
2026-06-09,ABBOTINDIA,25214.965011342418,25640.018674583414,25170.99394273128,25508.10546875,11204.0
2026-06-10,ABBOTINDIA,25512.9919785662,26157.901005983036,25210.080162658287,25850.103515625,9513.0
2026-06-11,ABBOTINDIA,25850.104100101307,25879.418147464872,25366.42231860253,25469.021484375,7015.0
2026-06-12,ABBOTINDIA,25596.049001290194,25830.56138000024,25366.422297136607,25679.10546875,9732.0
2026-06-15,ABBOTINDIA,25947.816239615073,25972.244611145496,25571.619318046563,25654.67578125,5922.0
2026-06-16,ABBOTINDIA,25771.93279865601,25889.188985796816,25239.39428205819,25503.220703125,10005.0
2026-06-17,ABBOTINDIA,25405.506224715857,25703.532355428866,25332.221110606097,25361.53515625,8598.0
2026-06-18,ABBOTINDIA,25488.563313521947,25859.874567466293,25410.392523217874,25547.19140625,7473.0
2026-06-19,ABBOTINDIA,25654.67719347523,25742.619335825744,25429.936163023915,25615.591796875,7740.0
2026-06-22,ABBOTINDIA,25884.303822025464,25884.303822025464,25420.16473876906,25469.021484375,6568.0
2026-06-23,ABBOTINDIA,25683.99130985408,25683.99130985408,24755.713138107403,24985.33984375,24911.0
2026-06-24,ABBOTINDIA,25161.223486490282,25268.708324684998,24951.139484564246,25009.767578125,7176.0
2026-06-25,ABBOTINDIA,25107.48093136237,25229.622792285518,24897.396930574556,24999.99609375,13175.0
2026-06-26,ABBOTINDIA,24999.99609375,24999.99609375,24999.99609375,24999.99609375,0.0
2026-06-29,ABBOTINDIA,25210.08007078968,25210.08007078968,24633.570487775498,24716.626953125,22221.0
2026-06-30,ABBOTINDIA,24897.395940816627,24975.566728699883,24623.798183225237,24858.310546875,10622.0
2026-07-01,ABBOTINDIA,24999.996596746576,25068.396040239728,24789.9125917319,24965.796875,18752.0
2026-07-02,ABBOTINDIA,25014.65306122449,25234.508410395407,24965.796316964286,25136.794921875,4925.0
2026-07-03,ABBOTINDIA,25258.93713268126,25522.763555343696,25029.310431475067,25302.908203125,21108.0
2026-07-06,ABBOTINDIA,25473.907169117647,26382.6426377513,25429.936098054728,26245.84375,28228.0
2026-07-07,ABBOTINDIA,26343.55638447147,26382.641779700658,25957.58810658326,26113.9296875,6926.0
2026-07-08,ABBOTINDIA,26113.929027776125,26177.442793418984,25527.64811414972,25644.904296875,5245.0
2026-07-09,ABBOTINDIA,25600.933516412962,26275.15657466964,25600.933516412962,26157.900390625,24860.0
2026-07-10,ABBOTINDIA,26201.871931009,26724.639094279173,26055.301698316423,26543.869140625,16821.0
2026-07-13,ABBOTINDIA,26861.437186302242,26900.52258053477,26548.75403244205,26768.609375,10100.0
2026-07-14,ABBOTINDIA,26788.152520241478,26939.608425426137,26602.49689453125,26871.208984375,20023.0
2026-07-15,ABBOTINDIA,26871.20893067113,27115.492648222687,26739.29572319329,27008.0078125,8698.0
2026-07-16,ABBOTINDIA,27115.493810548975,27291.37809472551,26920.066828130606,27232.75,8282.0
2026-07-17,ABBOTINDIA,27281.60632017466,27525.890044388256,26817.46724416882,27413.51953125,11100.0
2026-07-20,ABBOTINDIA,27413.518611157164,27696.887721734085,27271.8340558687,27628.48828125,8865.0
2026-07-21,ABBOTINDIA,27745.744750976562,28175.684095594617,27521.003729926215,28141.484375,16852.0
2026-07-22,ABBOTINDIA,28239.197265625,28278.282659764274,27564.974216722534,28239.197265625,21902.0
2026-07-23,ABBOTINDIA,28244.084001394214,28244.084001394214,27804.373300801675,28034.0,20311.0
2026-07-24,ABBOTINDIA,27900.0,28050.0,27650.0,28005.0,10811.0
2026-07-27,ABBOTINDIA,28015.0,28155.0,27750.0,27800.0,6597.0
2026-07-28,ABBOTINDIA,27895.0,27945.0,27745.0,27905.0,6560.0
2026-07-29,ABBOTINDIA,27950.0,28090.0,27600.0,27745.0,9930.0
2026-07-30,ABBOTINDIA,27745.0,27865.0,27500.0,27555.0,3567.0
2026-07-31,ABBOTINDIA,27505.0,27880.0,27430.0,27800.0,6208.0
2026-08-03,ABBOTINDIA,27950.0,28045.0,27680.0,27895.0,9455.0
2026-08-04,ABBOTINDIA,27895.0,27925.0,27730.0,27825.0,2409.0
2026-08-05,ABBOTINDIA,27925.0,27955.0,27650.0,27785.0,3483.0
2026-08-06,ABBOTINDIA,27830.0,27990.0,27750.0,27855.0,6071.0
2026-08-07,ABBOTINDIA,27855.0,27975.0,27600.0,27835.0,7629.0
2026-08-10,ABBOTINDIA,27950.0,27950.0,27495.0,27535.0,3817.0
2026-08-11,ABBOTINDIA,27535.0,28135.0,27330.0,28020.0,8470.0
2026-08-12,ABBOTINDIA,28020.0,28250.0,27755.0,28140.0,11910.0
2026-08-13,ABBOTINDIA,28610.0,28635.0,27400.0,27620.0,34092.0
2026-08-14,ABBOTINDIA,27800.0,27800.0,27000.0,27060.0,18516.0
2026-08-17,ABBOTINDIA,27145.0,27150.0,26650.0,26905.0,11190.0
2026-08-18,ABBOTINDIA,26900.0,26900.0,26510.0,26580.0,4509.0
2026-08-19,ABBOTINDIA,26580.0,26605.0,26300.0,26405.0,7485.0
2026-08-20,ABBOTINDIA,26500.0,26500.0,26080.0,26120.0,7487.0
2026-08-21,ABBOTINDIA,26120.0,26315.0,25905.0,26230.0,8779.0
2026-08-24,ABBOTINDIA,26155.0,26495.0,26030.0,26420.0,10305.0
2026-08-25,ABBOTINDIA,26550.0,26560.0,26180.0,26415.0,10984.0
2026-08-26,ABBOTINDIA,26650.0,26650.0,26410.0,26555.0,6271.0
2026-08-27,ABBOTINDIA,26680.0,26695.0,26300.0,26350.0,4712.0
2026-08-28,ABBOTINDIA,26420.0,26745.0,26120.0,26175.0,6550.0
2026-08-31,ABBOTINDIA,26300.0,26300.0,25800.0,25850.0,6684.0
2026-09-01,ABBOTINDIA,25880.0,26215.0,25710.0,26135.0,8754.0
2026-09-02,ABBOTINDIA,26185.0,26265.0,25810.0,26045.0,7827.0
2026-09-03,ABBOTINDIA,26175.0,26175.0,25905.0,25945.0,3151.0
2026-09-04,ABBOTINDIA,25945.0,26365.0,25810.0,26065.0,8803.0
2026-09-07,ABBOTINDIA,26150.0,26195.0,25810.0,25940.0,5392.0
2026-09-08,ABBOTINDIA,25860.0,26065.0,25440.0,25555.0,11086.0
2026-09-09,ABBOTINDIA,25555.0,25705.0,25190.0,25225.0,6053.0
2026-09-10,ABBOTINDIA,25245.0,25395.0,25205.0,25260.0,7222.0
2026-09-11,ABBOTINDIA,25260.0,25635.0,25135.0,25550.0,9615.0
2026-09-15,ABBOTINDIA,25690.0,26245.0,25550.0,26125.0,10732.0
2026-09-16,ABBOTINDIA,26195.0,26450.0,25500.0,26125.0,5678.0
2026-09-17,ABBOTINDIA,26125.0,26280.0,25830.0,25910.0,5141.0
2026-09-18,ABBOTINDIA,26035.0,27490.0,26035.0,27270.0,38339.0
2026-09-21,ABBOTINDIA,27200.0,27300.0,26815.0,26960.0,7355.0
2026-09-22,ABBOTINDIA,26960.0,27295.0,26960.0,27225.0,4434.0
2026-09-23,ABBOTINDIA,27225.0,27490.0,26905.0,26935.0,4547.0
2026-09-24,ABBOTINDIA,26910.0,27225.0,26780.0,26860.0,4496.0
2026-09-25,ABBOTINDIA,26860.0,27095.0,26860.0,26955.0,2263.0
2026-09-28,ABBOTINDIA,26955.0,27175.0,26530.0,26740.0,5515.0
2026-09-29,ABBOTINDIA,26735.0,27850.0,26650.0,27270.0,20582.0
2026-02-25,ADANIPORTS,1560.423612904462,1577.3522672882375,1512.1271577507503,1522.2843017578125,2153982.0
2026-02-26,ADANIPORTS,1531.1470867604953,1548.0757423849918,1519.59579311656,1544.092529296875,1353287.0
2026-02-27,ADANIPORTS,1538.5159765239769,1538.61553253448,1509.8367951345006,1514.61669921875,1596106.0
2026-03-02,ADANIPORTS,1455.8643012884174,1491.0162034242624,1423.9985983874399,1464.1295166015625,4207514.0
2026-03-04,ADANIPORTS,1428.977584558412,1444.4125340780324,1403.0867014932421,1428.380126953125,3386838.0
2026-03-05,ADANIPORTS,1441.126367626045,1499.1817438247958,1441.126367626045,1493.0078125,3236481.0
2026-03-06,ADANIPORTS,1482.7510538943527,1491.514171204107,1463.8307919574872,1471.29931640625,2576061.0
2026-03-09,ADANIPORTS,1399.1035635116878,1430.0730202144719,1399.1035635116878,1415.335205078125,4874245.0
2026-03-10,ADANIPORTS,1443.914742101281,1464.1295971139054,1410.5553325423894,1418.1234130859375,2706284.0
2026-03-11,ADANIPORTS,1419.0196299750269,1448.7941714348776,1399.8005786440895,1404.8792724609375,2212011.0
2026-03-12,ADANIPORTS,1396.6139914772727,1412.6463987255884,1369.528192993038,1385.66015625,2699173.0
2026-03-13,ADANIPORTS,1382.8718635896846,1384.1664563807262,1348.3175409636715,1357.4788818359375,2688559.0
2026-03-16,ADANIPORTS,1350.9065893154755,1377.2953739691077,1341.3469029601006,1368.134033203125,3322087.0
2026-03-17,ADANIPORTS,1373.2126304824812,1373.2126304824812,1345.529252542807,1359.769287109375,2605905.0
2026-03-18,ADANIPORTS,1361.362599812587,1405.177942846355,1361.362599812587,1396.0166015625,1956685.0
2026-03-19,ADANIPORTS,1371.221072306675,1373.810136439515,1344.8322862383186,1350.3092041015625,2160622.0
2026-03-20,ADANIPORTS,1359.171898173117,1387.651847187354,1352.300831345839,1359.6697998046875,4213342.0
2026-03-23,ADANIPORTS,1344.3343211514912,1344.3343211514912,1288.0714403032991,1298.1290283203125,3361416.0
2026-03-24,ADANIPORTS,1337.3638005115656,1355.2882594908717,1308.0871598670954,1338.5587158203125,3132212.0
2026-03-25,ADANIPORTS,1353.993646643555,1386.8551542877435,1349.1143079064364,1370.125732421875,1856531.0
2026-03-27,ADANIPORTS,1369.2295021250525,1369.2295021250525,1324.517910798602,1332.1856689453125,2667313.0
2026-03-30,ADANIPORTS,1319.4392930821211,1331.6877215580885,1301.6143907734092,1307.09130859375,2856500.0
2026-04-01,ADANIPORTS,1345.5292721208093,1399.501879975928,1343.0397640525293,1379.5858154296875,3684039.0
2026-04-02,ADANIPORTS,1348.7158955348632,1378.39075833725,1327.0073368757269,1371.8184814453125,3210456.0
2026-04-06,ADANIPORTS,1374.009395613466,1385.9590348103663,1342.4423591335112,1381.2786865234375,2519628.0
2026-04-07,ADANIPORTS,1369.2294044135533,1384.166452461701,1362.65712758397,1375.2042236328125,1812944.0
2026-04-08,ADANIPORTS,1458.7522212495726,1499.3809213607524,1442.9189250891652,1447.200927734375,7636467.0
2026-04-09,ADANIPORTS,1430.969305228993,1450.0886794731466,1409.2607452251377,1441.32568359375,3159307.0
2026-04-10,ADANIPORTS,1435.9482250780222,1471.8966965537413,1432.2638018338273,1469.1085205078125,4026881.0
2026-04-13,ADANIPORTS,1420.81208857276,1471.6976090056367,1415.0363812505739,1459.1505126953125,3629785.0
2026-04-15,ADANIPORTS,1478.0707343405247,1508.6418438737064,1474.6849791581835,1505.455322265625,4415637.0
2026-04-16,ADANIPORTS,1518.5003736352692,1549.2707178328321,1503.662881158592,1543.2958984375,7476052.0
2026-04-17,ADANIPORTS,1552.4572837315436,1571.875447318949,1542.6983631515902,1566.796875,6024587.0
2026-04-20,ADANIPORTS,1565.801059388024,1593.7831064867796,1559.5274502706811,1571.77587890625,2998603.0
2026-04-21,ADANIPORTS,1571.8754059597973,1605.1352583100802,1571.7758499479305,1587.409912109375,4276868.0
2026-04-22,ADANIPORTS,1582.2317729899871,1596.670919793333,1575.3607064064477,1581.9329833984375,1918773.0
2026-04-23,ADANIPORTS,1568.3900400404937,1604.2389552414193,1559.6269232570642,1596.1729736328125,2406876.0
2026-04-24,ADANIPORTS,1605.2347622924947,1612.0062726921178,1549.9676845584788,1578.4476318359375,2290223.0
2026-04-27,ADANIPORTS,1593.285135861222,1642.9757403474957,1586.3145133918292,1621.66552734375,3787783.0
2026-04-28,ADANIPORTS,1621.56607549571,1641.0837953521295,1617.6824184159796,1630.7274169921875,2500914.0
2026-04-29,ADANIPORTS,1638.096375876331,1664.9830641125989,1637.9968198611332,1654.1287841796875,2345365.0
2026-04-30,ADANIPORTS,1643.0753144269825,1669.9620013903332,1590.0986317001773,1650.3447265625,6313698.0
2026-05-01,ADANIPORTS,1650.3447265625,1650.3447265625,1650.3447265625,1650.3447265625,0.0
2026-05-04,ADANIPORTS,1694.8571549659032,1741.261562746786,1680.218895611437,1735.2867431640625,7171346.0
2026-05-05,ADANIPORTS,1742.4565895397595,1750.0246699892525,1711.4870109683363,1717.7606201171875,4357699.0
2026-05-06,ADANIPORTS,1742.6557075462674,1755.0036922999127,1711.387460824977,1740.962890625,3001204.0
2026-05-07,ADANIPORTS,1740.9629047796063,1748.5309853165925,1700.8319843934858,1725.5279541015625,3280485.0
2026-05-08,ADANIPORTS,1733.0960197411086,1784.479443696664,1720.4492453917082,1753.0120849609375,4984856.0
2026-05-11,ADANIPORTS,1749.7257909927673,1778.1061823968846,1725.8265140208791,1759.883056640625,4111229.0
2026-05-12,ADANIPORTS,1744.6472859130913,1758.4889753355342,1676.135974007454,1681.114990234375,3441070.0
2026-05-13,ADANIPORTS,1681.115018946763,1744.9461053124949,1680.9159069174907,1730.5069580078125,3018421.0
2026-05-14,ADANIPORTS,1753.6095348380502,1775.0193048545284,1738.0750283469993,1765.95751953125,3051398.0
2026-05-15,ADANIPORTS,1789.2593447254221,1816.2455887377118,1758.7876677479728,1787.56640625,5622212.0
2026-05-18,ADANIPORTS,1778.0066692099974,1785.4751934435874,1737.6766383486113,1780.1973876953125,2562978.0
2026-05-19,ADANIPORTS,1783.2844679007849,1797.4248251038823,1751.418764630245,1755.4019775390625,2274987.0
2026-05-20,ADANIPORTS,1741.6598348793439,1770.3390162895837,1736.9796083602193,1765.1607666015625,1283223.0
2026-05-21,ADANIPORTS,1773.9239646592268,1793.2425723562258,1769.3432939413033,1785.7740478515625,1628329.0
2026-05-22,ADANIPORTS,1785.7740441151645,1794.7362735020085,1773.0277136973355,1779.40087890625,1487044.0
2026-05-25,ADANIPORTS,1801.4081158712597,1805.6901185565152,1785.475263547357,1795.333740234375,1516143.0
2026-05-26,ADANIPORTS,1797.4248235028492,1812.8597735107683,1792.4458073712624,1803.5987548828125,2104926.0
2026-05-27,ADANIPORTS,1802.4038705488663,1835.0662655554984,1802.3043145361291,1816.843017578125,2102406.0
2026-05-28,ADANIPORTS,1816.843017578125,1816.843017578125,1816.843017578125,1816.843017578125,0.0
2026-05-29,ADANIPORTS,1828.6930806780401,1832.9749616434594,1788.860951373609,1797.0264892578125,3554087.0
2026-06-01,ADANIPORTS,1801.5075523637493,1807.2832595711752,1769.5422938212917,1776.0150146484375,1224826.0
2026-06-02,ADANIPORTS,1737.875795434644,1810.1712091368202,1737.875795434644,1806.885009765625,2256569.0
2026-06-03,ADANIPORTS,1821.7225197757552,1832.278010087482,1774.4218646240404,1796.22998046875,2967709.0
2026-06-04,ADANIPORTS,1786.7697885048615,1818.7350479530546,1778.7036850760737,1783.384033203125,1369988.0
2026-06-05,ADANIPORTS,1793.9395049306586,1820.2287343103535,1789.1596008405284,1816.544189453125,1640762.0
2026-06-08,ADANIPORTS,1798.022262305434,1825.108182712539,1784.081017282927,1797.4248046875,2574439.0
2026-06-09,ADANIPORTS,1820.3283683341967,1824.9090390413778,1784.877796413471,1818.735107421875,1776339.0
2026-06-10,ADANIPORTS,1818.3366667403968,1850.0032575335592,1804.5945337792864,1813.5567626953125,2933100.0
2026-06-11,ADANIPORTS,1806.9845651428636,1812.7602726544392,1774.222613688611,1779.5999755859375,2229041.0
2026-06-12,ADANIPORTS,1804.0,1818.0,1777.9000244140625,1812.9000244140625,2325897.0
2026-06-15,ADANIPORTS,1839.0,1840.300048828125,1798.9000244140625,1804.800048828125,1421741.0
2026-06-16,ADANIPORTS,1804.800048828125,1828.0,1797.0999755859375,1822.0,2215994.0
2026-06-17,ADANIPORTS,1824.0,1833.0,1806.300048828125,1828.5999755859375,2697924.0
2026-06-18,ADANIPORTS,1833.0,1849.5,1820.0,1842.0999755859375,1643528.0
2026-06-19,ADANIPORTS,1842.0999755859375,1849.0,1830.0,1835.300048828125,4382841.0
2026-06-22,ADANIPORTS,1835.300048828125,1836.800048828125,1808.0999755859375,1827.199951171875,1524494.0
2026-06-23,ADANIPORTS,1832.5999755859375,1842.0,1779.0999755859375,1784.0,3309685.0
2026-06-24,ADANIPORTS,1786.0,1818.0,1775.0,1813.300048828125,2141905.0
2026-06-25,ADANIPORTS,1813.300048828125,1831.4000244140625,1790.9000244140625,1796.0,1850390.0
2026-06-26,ADANIPORTS,1796.0,1796.0,1796.0,1796.0,0.0
2026-06-29,ADANIPORTS,1809.5,1809.5,1770.5,1776.0999755859375,1693498.0
2026-06-30,ADANIPORTS,1786.9000244140625,1816.300048828125,1782.5999755859375,1810.199951171875,2230098.0
2026-07-01,ADANIPORTS,1829.5,1881.699951171875,1815.4000244140625,1848.199951171875,4123193.0
2026-07-02,ADANIPORTS,1858.5,1888.0,1845.5,1883.199951171875,3089068.0
2026-07-03,ADANIPORTS,1885.0,1891.0999755859375,1865.0,1874.199951171875,1645113.0
2026-07-06,ADANIPORTS,1872.800048828125,1883.5,1859.300048828125,1864.4000244140625,1042695.0
2026-07-07,ADANIPORTS,1872.0,1880.5,1828.699951171875,1833.9000244140625,1818238.0
2026-07-08,ADANIPORTS,1824.9000244140625,1850.4000244140625,1783.199951171875,1791.699951171875,1413919.0
2026-07-09,ADANIPORTS,1795.300048828125,1821.0,1795.300048828125,1800.0999755859375,1106782.0
2026-07-10,ADANIPORTS,1800.0999755859375,1852.9000244140625,1800.0999755859375,1828.0999755859375,1489787.0
2026-07-13,ADANIPORTS,1811.0,1825.9000244140625,1807.0999755859375,1810.300048828125,1156618.0
2026-07-14,ADANIPORTS,1819.300048828125,1840.9000244140625,1808.5999755859375,1821.9000244140625,1636778.0
2026-07-15,ADANIPORTS,1826.0,1838.0,1817.199951171875,1829.0999755859375,917984.0
2026-07-16,ADANIPORTS,1828.5,1859.699951171875,1817.5,1826.4000244140625,1952268.0
2026-07-17,ADANIPORTS,1825.5999755859375,1841.5,1817.0999755859375,1837.4000244140625,962152.0
2026-07-20,ADANIPORTS,1836.0999755859375,1853.699951171875,1828.0,1844.0,754950.0
2026-07-21,ADANIPORTS,1840.0,1857.4000244140625,1833.0,1846.5,1372166.0
2026-07-22,ADANIPORTS,1837.0999755859375,1847.199951171875,1811.9000244140625,1819.4000244140625,1436881.0
2026-07-23,ADANIPORTS,1818.300048828125,1825.5,1769.0,1778.5,2592430.0
2026-07-24,ADANIPORTS,1764.9000244140625,1784.9000244140625,1755.199951171875,1768.300048828125,1685770.0
2026-07-27,ADANIPORTS,1784.0,1785.0,1752.0999755859375,1770.4000244140625,2266975.0
2026-07-28,ADANIPORTS,1770.4000244140625,1783.0,1758.9000244140625,1774.699951171875,1776549.0
2026-07-29,ADANIPORTS,1785.0,1792.0,1705.0999755859375,1719.699951171875,5088460.0
2026-07-30,ADANIPORTS,1726.699951171875,1727.699951171875,1658.4000244140625,1664.0999755859375,5395211.0
2026-07-31,ADANIPORTS,1674.0,1708.0999755859375,1650.0,1696.5,4703646.0
2026-08-03,ADANIPORTS,1713.4000244140625,1715.9000244140625,1692.800048828125,1701.0,1664693.0
2026-08-04,ADANIPORTS,1703.0999755859375,1713.9000244140625,1690.0,1706.699951171875,1099071.0
2026-08-05,ADANIPORTS,1708.199951171875,1710.699951171875,1688.0999755859375,1700.0,2333361.0
2026-08-06,ADANIPORTS,1704.0,1706.0,1685.800048828125,1695.0,1254956.0
2026-08-07,ADANIPORTS,1695.0,1702.300048828125,1676.699951171875,1693.5,2387389.0
2026-08-10,ADANIPORTS,1690.0,1690.0,1673.0999755859375,1681.0,2177216.0
2026-08-11,ADANIPORTS,1700.0,1703.4000244140625,1661.800048828125,1668.199951171875,2263466.0
2026-08-12,ADANIPORTS,1669.800048828125,1672.699951171875,1640.4000244140625,1665.0,1494540.0
2026-08-13,ADANIPORTS,1665.0,1669.9000244140625,1641.0999755859375,1658.0,1992956.0
2026-08-14,ADANIPORTS,1658.0,1700.0,1657.199951171875,1700.0,1978204.0
2026-08-17,ADANIPORTS,1700.0,1704.0,1678.0999755859375,1691.0,1594217.0
2026-08-18,ADANIPORTS,1691.5999755859375,1693.699951171875,1667.0,1682.4000244140625,1298165.0
2026-08-19,ADANIPORTS,1684.0,1684.0,1667.0,1681.9000244140625,1217074.0
2026-08-20,ADANIPORTS,1690.0,1698.5,1680.4000244140625,1696.0,1661649.0
2026-08-21,ADANIPORTS,1697.199951171875,1702.0,1684.9000244140625,1700.0,1113535.0
2026-08-24,ADANIPORTS,1700.0,1700.0,1672.0999755859375,1672.0999755859375,1061245.0
2026-08-25,ADANIPORTS,1674.0,1702.699951171875,1671.0,1702.699951171875,1300541.0
2026-08-26,ADANIPORTS,1711.9000244140625,1719.699951171875,1690.5,1691.5,1937255.0
2026-08-27,ADANIPORTS,1703.0,1719.0,1691.199951171875,1714.0,2044450.0
2026-08-28,ADANIPORTS,1712.0,1723.9000244140625,1699.199951171875,1707.5,3268356.0
2026-08-31,ADANIPORTS,1710.0,1711.4000244140625,1593.0999755859375,1593.0999755859375,9621819.0
2026-09-01,ADANIPORTS,1625.0,1655.5999755859375,1625.0,1647.5,3770354.0
2026-09-02,ADANIPORTS,1637.0999755859375,1676.699951171875,1632.0999755859375,1672.699951171875,2338937.0
2026-09-03,ADANIPORTS,1694.9000244140625,1710.800048828125,1681.800048828125,1706.5,3370497.0
2026-09-04,ADANIPORTS,1699.9000244140625,1716.9000244140625,1692.4000244140625,1707.300048828125,1281968.0
2026-09-07,ADANIPORTS,1714.0,1716.4000244140625,1685.9000244140625,1694.300048828125,1175225.0
2026-09-08,ADANIPORTS,1694.0,1713.0999755859375,1685.199951171875,1710.0,1217135.0
2026-09-09,ADANIPORTS,1719.0,1785.9000244140625,1706.0,1775.0,5527528.0
2026-09-10,ADANIPORTS,1779.9000244140625,1780.0,1750.4000244140625,1768.0,2777377.0
2026-09-11,ADANIPORTS,1755.0,1771.9000244140625,1750.800048828125,1764.5999755859375,1674823.0
2026-09-14,ADANIPORTS,1764.5999755859375,1764.5999755859375,1764.5999755859375,1764.5999755859375,0.0
2026-09-15,ADANIPORTS,1791.4000244140625,1791.4000244140625,1713.800048828125,1713.800048828125,1610729.0
2026-09-16,ADANIPORTS,1722.9000244140625,1737.9000244140625,1707.0,1723.800048828125,1060410.0
2026-09-17,ADANIPORTS,1731.0,1738.800048828125,1725.0999755859375,1738.300048828125,791353.0
2026-09-18,ADANIPORTS,1748.0,1824.0,1744.0,1824.0,4148803.0
2026-09-21,ADANIPORTS,1793.699951171875,1796.800048828125,1766.699951171875,1787.0999755859375,2317822.0
2026-09-22,ADANIPORTS,1796.0,1812.699951171875,1786.0999755859375,1795.0,871935.0
2026-09-23,ADANIPORTS,1799.0,1810.0999755859375,1790.5,1807.300048828125,1185484.0
2026-09-24,ADANIPORTS,1802.4000244140625,1802.4000244140625,1775.0,1785.300048828125,1589739.0
2026-09-25,ADANIPORTS,1791.800048828125,1800.5999755859375,1775.0,1788.0,895306.0
2026-09-28,ADANIPORTS,1788.0,1791.800048828125,1736.5999755859375,1743.699951171875,1262576.0
2026-09-29,ADANIPORTS,1755.199951171875,1822.0,1738.4000244140625,1822.0,4197624.0
2026-02-25,GLENMARK,2067.942400376574,2090.220282744761,2058.951346461893,2082.927490234375,455454.0
2026-02-26,GLENMARK,2077.9324623586376,2136.8738158582337,2077.9324623586376,2122.1884765625,516226.0
2026-02-27,GLENMARK,2123.487108219573,2157.653062340149,2114.2960585198966,2134.575927734375,616213.0
2026-03-02,GLENMARK,2110.400139725748,2147.7628659420693,2092.318033868801,2121.189453125,316016.0
2026-03-04,GLENMARK,2104.2063823778867,2108.4021587899183,2029.0810581585129,2037.6724853515625,414944.0
2026-03-05,GLENMARK,2040.170057774501,2116.793771198758,2040.170057774501,2106.8037109375,523392.0
2026-03-06,GLENMARK,2092.317908237961,2135.8746640537966,2092.317908237961,2122.2880859375,431504.0
2026-03-09,GLENMARK,2097.9125147428604,2122.687911315602,2048.1619691850847,2115.4951171875,304629.0
2026-03-10,GLENMARK,2137.872881250893,2237.773483178505,2128.282325906661,2223.587646484375,1554898.0
2026-03-11,GLENMARK,2240.77048814913,2295.6158207278836,2225.7853979475085,2270.44091796875,920351.0
2026-03-12,GLENMARK,2270.9403315665063,2270.9403315665063,2213.1977374833787,2254.156982421875,996025.0
2026-03-13,GLENMARK,2239.7714116236675,2263.74755519145,2161.5491944541886,2168.542236328125,516548.0
2026-03-16,GLENMARK,2170.34052899532,2212.5985314579943,2142.8678640713283,2173.237548828125,528614.0
2026-03-17,GLENMARK,2177.73304919393,2182.5283267016325,2133.876784010569,2143.766845703125,773805.0
2026-03-18,GLENMARK,2143.766723157772,2235.3757618660998,2140.9697016779496,2184.126708984375,882940.0
2026-03-19,GLENMARK,2171.838996387068,2174.436509489303,2085.324981124523,2095.4150390625,465494.0
2026-03-20,GLENMARK,2111.9987086419846,2188.722175285677,2108.0026845918774,2177.93310546875,596886.0
2026-03-23,GLENMARK,2167.8430719224957,2167.8430719224957,2077.8325316074533,2086.923583984375,408786.0
2026-03-24,GLENMARK,2100.9094913587355,2134.97569146443,2076.23409342574,2093.61669921875,540486.0
2026-03-25,GLENMARK,2117.8926920610447,2177.533300694684,2100.310089133812,2166.344482421875,446774.0
2026-03-27,GLENMARK,2166.344517291073,2186.224639189625,2144.4663833867185,2168.342529296875,743776.0
2026-03-30,GLENMARK,2167.3435305023463,2168.6422870900274,2106.6039165443544,2129.5810546875,1198064.0
2026-04-01,GLENMARK,2177.8329455853786,2236.174794825373,2082.9273814428966,2099.011474609375,1011784.0
2026-04-02,GLENMARK,2082.927413858966,2096.313996081906,1964.5452083230966,2089.720703125,970078.0
2026-04-06,GLENMARK,2077.2331120518857,2110.6998112389306,2034.675361198141,2102.707763671875,582698.0
2026-04-07,GLENMARK,2097.912453977514,2135.874679335202,2066.144016609125,2111.99853515625,387544.0
2026-04-08,GLENMARK,2162.8480483801686,2184.8261809734086,2127.483332584775,2171.339599609375,544557.0
2026-04-09,GLENMARK,2171.339376163385,2184.02670262064,2139.8706895523214,2166.94384765625,612817.0
2026-04-10,GLENMARK,2171.7388751270305,2196.71402316381,2146.763727090251,2161.049560546875,669385.0
2026-04-13,GLENMARK,2151.259432518841,2202.808239909927,2112.9976976650696,2190.920166015625,724078.0
2026-04-15,GLENMARK,2228.682364583564,2262.748566387248,2202.8082070127516,2256.155029296875,616653.0
2026-04-16,GLENMARK,2264.746520385607,2271.5398097203874,2226.3847889272233,2247.263916015625,434249.0
2026-04-17,GLENMARK,2247.263916015625,2272.638569942022,2238.672367166058,2247.263916015625,366026.0
2026-04-20,GLENMARK,2247.264027853067,2248.2630338667827,2208.302793318162,2228.482666015625,407547.0
2026-04-21,GLENMARK,2219.6913089011073,2242.768444801,2212.998017555901,2230.88037109375,254906.0
2026-04-22,GLENMARK,2230.8803936668805,2244.7664794921875,2202.6084751188755,2237.7734375,323261.0
2026-04-23,GLENMARK,2245.6654369676394,2357.0546033450314,2209.901218128051,2332.678955078125,1703667.0
2026-04-24,GLENMARK,2348.6631657782264,2370.44154591212,2280.9305084747034,2297.21435546875,838461.0
2026-04-27,GLENMARK,2309.7017429315147,2337.5739112148094,2288.6226199502576,2322.788818359375,462955.0
2026-04-28,GLENMARK,2325.7858435938065,2424.9869390477006,2324.986590056336,2401.310546875,1537658.0
2026-04-29,GLENMARK,2416.295765865693,2471.5408465011906,2401.310675850528,2411.50048828125,616900.0
2026-04-30,GLENMARK,2397.71441466196,2453.4587547272727,2383.2288275622595,2403.908203125,792796.0
2026-05-01,GLENMARK,2403.908203125,2403.908203125,2403.908203125,2403.908203125,0.0
2026-05-04,GLENMARK,2431.8802968367495,2436.3758237300076,2380.2317366426887,2391.320556640625,451086.0
2026-05-05,GLENMARK,2381.929885018865,2427.5844071893,2357.653992167386,2415.496337890625,917832.0
2026-05-06,GLENMARK,2432.5796645325586,2437.574694644535,2352.559184579513,2375.23681640625,1108754.0
2026-05-07,GLENMARK,2387.624288223458,2401.610371920164,2353.358334386938,2369.24267578125,426469.0
2026-05-08,GLENMARK,2347.6640072284777,2382.529217691546,2313.4980521581874,2364.047607421875,702435.0
2026-05-11,GLENMARK,2354.1576031554705,2366.445425547965,2315.3961221660647,2344.966796875,829523.0
2026-05-12,GLENMARK,2338.5729494727493,2338.5729494727493,2241.7693697038058,2254.8564453125,759205.0
2026-05-13,GLENMARK,2242.9682406389466,2324.1874778782403,2242.9682406389466,2275.336181640625,1014123.0
2026-05-14,GLENMARK,2297.713698138895,2348.0635007476326,2290.321151625797,2338.2734375,965814.0
2026-05-15,GLENMARK,2343.568010047023,2365.5461414112483,2314.7968331976635,2323.587890625,257072.0
2026-05-18,GLENMARK,2327.384162482036,2350.9608009631233,2298.712739886251,2337.573974609375,429194.0
2026-05-19,GLENMARK,2349.162475039489,2411.1008435074664,2332.678876979463,2403.50830078125,855987.0
2026-05-20,GLENMARK,2407.8041920631363,2424.5875415008277,2367.644199982267,2376.63525390625,973567.0
2026-05-21,GLENMARK,2392.619349873818,2405.4066753458437,2369.642212067097,2390.621337890625,381349.0
2026-05-22,GLENMARK,2387.6242765533584,2411.5004217597148,2224.087047478644,2256.8544921875,1593969.0
2026-05-25,GLENMARK,2265.845586703331,2361.0506625674857,2265.845586703331,2334.677001953125,809409.0
2026-05-26,GLENMARK,2315.695798733592,2370.6411261409894,2315.5958005791304,2349.0625,479694.0
2026-05-27,GLENMARK,2319.6919174288914,2387.6243250021753,2319.6919174288914,2382.529296875,541843.0
2026-05-28,GLENMARK,2382.529296875,2382.529296875,2382.529296875,2382.529296875,0.0
2026-05-29,GLENMARK,2397.6144211358887,2398.313676562463,2255.5558154631776,2272.638671875,1343564.0
2026-06-01,GLENMARK,2286.5249862277037,2297.7138046708587,2177.6333320063454,2199.011962890625,2017198.0
2026-06-02,GLENMARK,2216.494422898381,2234.5765279111856,2142.168478769701,2182.428466796875,1215431.0
2026-06-03,GLENMARK,2191.7189874098513,2219.791151283636,2146.0644657062408,2171.8388671875,1090073.0
2026-06-04,GLENMARK,2171.839079919272,2205.705286320194,2144.3664144649115,2178.4326171875,571102.0
2026-06-05,GLENMARK,2189.7210348850326,2213.9969281458434,2158.8518487211695,2164.046630859375,512882.0
2026-06-08,GLENMARK,2145.864756525672,2205.2056117307557,2130.080413913168,2174.33642578125,491134.0
2026-06-09,GLENMARK,2174.3366116341135,2218.792379710253,2161.9490344934275,2207.40380859375,561403.0
2026-06-10,GLENMARK,2229.78133132471,2250.2609537674325,2134.975762063674,2142.268310546875,1127230.0
2026-06-11,GLENMARK,2142.468406364228,2168.1428122784214,2138.2723859651683,2142.368408203125,353598.0
2026-06-12,GLENMARK,2169.641148277166,2175.83493632274,2114.8955740106708,2171.63916015625,500898.0
2026-06-15,GLENMARK,2183.826975783144,2185.8249876548575,2143.467233533699,2154.456298828125,640588.0
2026-06-16,GLENMARK,2162.8479507729535,2169.7409944887563,2130.879759352753,2154.55615234375,325200.0
2026-06-17,GLENMARK,2125.8847691953642,2168.342524219238,2098.9116071801977,2134.476318359375,408436.0
2026-06-18,GLENMARK,2142.8678328745214,2158.9519267550418,2132.8777730476004,2151.85888671875,320963.0
2026-06-19,GLENMARK,2151.8588063006277,2219.391705765987,2142.967750946118,2211.399658203125,954063.0
2026-06-22,GLENMARK,2211.3998170965137,2216.494601445147,2170.4405703938437,2189.72119140625,354728.0
2026-06-23,GLENMARK,2188.8222100765533,2232.6784772012415,2162.5483027278096,2177.233642578125,703100.0
2026-06-24,GLENMARK,2171.5393293347247,2195.715226154972,2154.855977638395,2178.4326171875,264412.0
2026-06-25,GLENMARK,2178.731958206065,2192.8180395271215,2145.665007912321,2152.25830078125,348933.0
2026-06-26,GLENMARK,2152.25830078125,2152.25830078125,2152.25830078125,2152.25830078125,0.0
2026-06-29,GLENMARK,2167.742919143902,2214.0969416866474,2155.954844020722,2184.426513671875,1414518.0
2026-06-30,GLENMARK,2184.5262842610896,2217.7932315133785,2182.328519928367,2202.10888671875,830485.0
2026-07-01,GLENMARK,2194.216683605933,2218.9920812167443,2150.959918869781,2159.7509765625,455357.0
2026-07-02,GLENMARK,2172.7380148713596,2212.6982541914304,2140.6700691557703,2193.817138671875,526651.0
2026-07-03,GLENMARK,2183.027842746445,2242.26894679214,2183.027842746445,2208.80224609375,632010.0
2026-07-06,GLENMARK,2217.793271398509,2272.7386001944183,2213.8972456430674,2268.642578125,600450.0
2026-07-07,GLENMARK,2275.735512766478,2291.619609523805,2240.770305151541,2262.6484375,770737.0
2026-07-08,GLENMARK,2264.746508751657,2281.3301052280262,2210.400682148464,2221.489501953125,337287.0
2026-07-09,GLENMARK,2225.6853056158357,2291.519945454863,2224.8862959572516,2264.9462890625,427091.0
2026-07-10,GLENMARK,2281.629621197314,2301.809736767035,2244.7663987240394,2280.630615234375,602305.0
2026-07-13,GLENMARK,2283.6276131384866,2320.5908334437554,2261.74948030076,2299.012451171875,720659.0
2026-07-14,GLENMARK,2306.7048637479097,2323.787963979281,2290.7207676803623,2302.808837890625,706821.0
2026-07-15,GLENMARK,2313.697819482155,2316.594839227166,2283.3281356457105,2295.1162109375,491365.0
2026-07-16,GLENMARK,2310.7008629740003,2310.7008629740003,2277.8336633469085,2284.626708984375,158181.0
2026-07-17,GLENMARK,2285.6256469741706,2285.6256469741706,2226.7842932666767,2233.27783203125,355968.0
2026-07-20,GLENMARK,2232.7783988037927,2267.7436086284606,2223.0880894319744,2237.27392578125,914679.0
2026-07-21,GLENMARK,2243.5676111257676,2247.064131950512,2218.8922129421567,2239.871337890625,274753.0
2026-07-22,GLENMARK,2227.5835595927356,2227.5835595927356,2163.8469299584167,2197.713134765625,942175.0
2026-07-23,GLENMARK,2182.928083352057,2239.072171134437,2180.6303207985793,2202.908203125,567718.0
2026-07-24,GLENMARK,2179.83098541037,2246.56463172681,2179.83098541037,2189.821044921875,429562.0
2026-07-27,GLENMARK,2215.7952702979137,2217.7932822639173,2180.9300590503303,2193.817138671875,593586.0
2026-07-28,GLENMARK,2197.713062509498,2205.8051081556555,2176.0346824634607,2182.428466796875,490034.0
2026-07-29,GLENMARK,2194.216524232697,2265.445695728437,2184.0267125395653,2259.45166015625,593720.0
2026-07-30,GLENMARK,2267.9432813706917,2267.9432813706917,2180.7300122923994,2188.122802734375,451791.0
2026-07-31,GLENMARK,2205.0060314905368,2254.456829321894,2204.806279066768,2231.679443359375,371153.0
2026-08-03,GLENMARK,2254.156861871882,2254.156861871882,2159.8508005184976,2227.783203125,1307223.0
2026-08-04,GLENMARK,2235.7754079617275,2241.7694439080055,2197.8131803019664,2222.788330078125,444946.0
2026-08-05,GLENMARK,2220.790181072585,2261.050168807288,2200.010808961325,2256.75439453125,388492.0
2026-08-06,GLENMARK,2267.74365234375,2287.723772628717,2244.766514016038,2267.74365234375,556267.0
2026-08-07,GLENMARK,2272.6386963962523,2286.7247788315917,2253.7575801852645,2276.834716796875,437610.0
2026-08-10,GLENMARK,2290.720757266445,2295.5160348444992,2249.062255859375,2249.062255859375,257787.0
2026-08-11,GLENMARK,2262.948235757086,2288.7226381218074,2242.7683642878474,2273.737548828125,284670.0
2026-08-12,GLENMARK,2273.737549467795,2307.7037518763645,2270.1410304771243,2287.7236328125,464575.0
2026-08-13,GLENMARK,2288.6226764044886,2320.5908674066436,2279.6316226851322,2317.69384765625,413167.0
2026-08-14,GLENMARK,2317.693966175402,2339.2725937644923,2304.90664034105,2316.095458984375,629081.0
2026-08-17,GLENMARK,2327.3840698255854,2334.6768619050895,2297.713642439754,2326.684814453125,305189.0
2026-08-18,GLENMARK,2315.096316592295,2330.5809089886648,2302.708740234375,2302.708740234375,379551.0
2026-08-19,GLENMARK,2298.712669469348,2311.5997485447483,2220.2907031271734,2244.266845703125,833583.0
2026-08-20,GLENMARK,2261.749637226837,2339.672107060624,2249.861563106249,2330.5810546875,552157.0
2026-08-21,GLENMARK,2332.2795428536256,2346.2656270796697,2300.710855184231,2315.595947265625,237421.0
2026-08-24,GLENMARK,2312.798782516663,2392.6192607114954,2293.0184158405877,2388.323486328125,710023.0
2026-08-25,GLENMARK,2389.322459724645,2418.593382568359,2373.638115234375,2397.6142578125,653245.0
2026-08-26,GLENMARK,2389.821949528861,2455.0570858803653,2382.129652607012,2435.876220703125,479931.0
2026-08-27,GLENMARK,2452.5596576473577,2481.530830792683,2438.174069230925,2457.5546875,447011.0
2026-08-28,GLENMARK,2457.554671968191,2535.0776323504288,2429.2827544013267,2512.5,807816.0
2026-08-31,GLENMARK,2532.39990234375,2532.39990234375,2452.0,2480.0,911026.0
2026-09-01,GLENMARK,2480.0,2494.89990234375,2455.0,2470.39990234375,679565.0
2026-09-02,GLENMARK,2455.0,2476.89990234375,2420.0,2460.0,516029.0
2026-09-03,GLENMARK,2470.0,2471.800048828125,2425.10009765625,2459.0,481343.0
2026-09-04,GLENMARK,2454.5,2456.699951171875,2422.699951171875,2437.199951171875,412728.0
2026-09-07,GLENMARK,2420.199951171875,2472.0,2420.199951171875,2451.89990234375,267568.0
2026-09-08,GLENMARK,2469.89990234375,2492.0,2439.0,2474.5,447432.0
2026-09-09,GLENMARK,2486.89990234375,2486.89990234375,2400.10009765625,2435.0,424753.0
2026-09-10,GLENMARK,2445.89990234375,2449.89990234375,2403.10009765625,2415.0,262107.0
2026-09-11,GLENMARK,2411.199951171875,2431.89990234375,2384.10009765625,2419.199951171875,346692.0
2026-09-14,GLENMARK,2419.199951171875,2419.199951171875,2419.199951171875,2419.199951171875,0.0
2026-09-15,GLENMARK,2420.800048828125,2429.800048828125,2346.60009765625,2371.699951171875,275789.0
2026-09-16,GLENMARK,2371.699951171875,2425.800048828125,2306.300048828125,2410.0,677704.0
2026-09-17,GLENMARK,2406.800048828125,2416.89990234375,2388.39990234375,2416.0,227416.0
2026-09-18,GLENMARK,2409.800048828125,2447.39990234375,2396.800048828125,2447.39990234375,545520.0
2026-09-21,GLENMARK,2425.0,2473.60009765625,2424.0,2450.0,405696.0
2026-09-22,GLENMARK,2460.39990234375,2472.0,2443.0,2461.39990234375,402355.0
2026-09-23,GLENMARK,2472.0,2482.60009765625,2453.60009765625,2475.0,597118.0
2026-09-24,GLENMARK,2460.0,2470.0,2422.0,2430.39990234375,453221.0
2026-09-25,GLENMARK,2425.0,2435.199951171875,2365.699951171875,2380.0,785299.0
2026-09-28,GLENMARK,2380.0,2392.5,2307.300048828125,2325.699951171875,985878.0
2026-09-29,GLENMARK,2330.39990234375,2441.5,2292.0,2441.5,1264965.0
2026-02-25,IPCALAB,1526.5998853319843,1527.795684856884,1495.1092408139536,1519.2254638671875,102371.0
2026-02-26,IPCALAB,1529.5896064608364,1542.0463591982398,1497.7999491453877,1517.531494140625,727749.0
2026-02-27,IPCALAB,1516.7341997831652,1534.6719235650949,1498.6968463098199,1523.6103515625,191057.0
2026-03-02,IPCALAB,1466.7078529458643,1519.723740682961,1466.7078529458643,1507.7652587890625,115864.0
2026-03-04,IPCALAB,1499.7929752400141,1499.7929752400141,1456.2442179071836,1470.29541015625,87330.0
2026-03-05,IPCALAB,1470.2953791919474,1501.7860239782885,1465.0136676747074,1495.7071533203125,61774.0
2026-03-06,IPCALAB,1496.2054356506806,1515.2393285691435,1475.8759918519577,1489.0302734375,45541.0
2026-03-09,IPCALAB,1445.9797963312128,1509.6587379492732,1443.0898054893096,1497.4012451171875,90825.0
2026-03-10,IPCALAB,1499.6933227003253,1506.370093164723,1482.6525101622606,1486.0406494140625,57079.0
2026-03-11,IPCALAB,1486.3396893084187,1544.4380308852615,1482.3535285593516,1528.593017578125,191040.0
2026-03-12,IPCALAB,1544.2387009585582,1561.379265735519,1514.342494351276,1555.4000244140625,278221.0
2026-03-13,IPCALAB,1561.5784235862386,1571.244814434892,1532.080859314586,1555.898193359375,590960.0
2026-03-16,IPCALAB,1560.1832581999101,1569.0524899991722,1528.7922429982752,1551.613037109375,181093.0
2026-03-17,IPCALAB,1564.468459933042,1618.3812595834122,1540.1528551023175,1559.8843994140625,496282.0
2026-03-18,IPCALAB,1554.602682715797,1556.6953927667819,1521.4178460217138,1538.2593994140625,253243.0
2026-03-19,IPCALAB,1512.3493157959622,1580.5126867680099,1503.878724473435,1539.056640625,263738.0
2026-03-20,IPCALAB,1534.6718604822238,1570.3480471967778,1500.2912246467454,1539.554931640625,196016.0
2026-03-23,IPCALAB,1538.2593630241008,1544.6372443626758,1483.1507652946523,1524.6068115234375,178461.0
2026-03-24,IPCALAB,1544.6373073273921,1545.5342178354351,1498.995717587174,1525.5037841796875,123364.0
2026-03-25,IPCALAB,1525.5037880227444,1587.8871802623673,1521.7168866005672,1564.568115234375,657174.0
2026-03-27,IPCALAB,1589.1825460538287,1613.8967907052925,1542.8434285683109,1580.5126953125,327103.0
2026-03-30,IPCALAB,1588.4851153043028,1608.3162900696293,1548.324495662199,1595.66015625,450008.0
2026-04-01,IPCALAB,1596.4573266228383,1614.3950493938814,1495.1092416256317,1502.9818115234375,527064.0
2026-04-02,IPCALAB,1499.6932990290438,1503.7790893225267,1427.543767696832,1483.1507568359375,196356.0
2026-04-06,IPCALAB,1460.927926367456,1480.5597195564515,1421.0663185538826,1450.9625244140625,234598.0
2026-04-07,IPCALAB,1434.0213251476873,1470.4946715619465,1409.1078205412298,1437.210205078125,83654.0
2026-04-08,IPCALAB,1458.4366043249215,1460.927954861862,1422.2621458693566,1440.0006103515625,375454.0
2026-04-09,IPCALAB,1438.7050447348272,1459.8317700613227,1437.5092451484861,1444.8836669921875,82607.0
2026-04-10,IPCALAB,1450.9624837897627,1460.927885464143,1445.282253494554,1451.1617431640625,79984.0
2026-04-13,IPCALAB,1431.0317551069306,1462.9210421288121,1426.4476944271303,1445.9798583984375,96475.0
2026-04-15,IPCALAB,1466.6081943441325,1468.601274785803,1439.1037085786731,1465.81103515625,191431.0
2026-04-16,IPCALAB,1469.3985243558836,1484.844897450164,1448.3715504732647,1456.3438720703125,187941.0
2026-04-17,IPCALAB,1455.9451788505023,1469.8967411392819,1451.1617374065902,1463.219970703125,114570.0
2026-04-20,IPCALAB,1454.948699464066,1483.7487357214084,1442.691206281994,1463.5189208984375,168951.0
2026-04-21,IPCALAB,1464.8144605888015,1485.8414344257958,1457.0413983893563,1471.3916015625,199229.0
2026-04-22,IPCALAB,1471.3915621144981,1508.761818517677,1461.4261604069839,1489.6282958984375,310159.0
2026-04-23,IPCALAB,1489.4289305794184,1535.7680490079406,1481.1577200637555,1520.8199462890625,248305.0
2026-04-24,IPCALAB,1529.68913221182,1567.7569173314548,1510.7548693375368,1550.516845703125,230855.0
2026-04-27,IPCALAB,1551.7126688678752,1580.4130743211592,1523.2116444366652,1535.9674072265625,240783.0
2026-04-28,IPCALAB,1542.6441929158873,1568.4546078117098,1524.9057291185188,1531.6822509765625,99425.0
2026-04-29,IPCALAB,1537.462299580061,1546.7300506342908,1517.332114153758,1536.7646484375,128566.0
2026-04-30,IPCALAB,1536.7645949675616,1584.498894158925,1519.0262526632448,1525.6033935546875,348783.0
2026-05-01,IPCALAB,1525.6033935546875,1525.6033935546875,1525.6033935546875,1525.6033935546875,0.0
2026-05-04,IPCALAB,1532.6788647620506,1568.6539425247245,1519.7238418479371,1524.70654296875,127756.0
2026-05-05,IPCALAB,1529.6891763587387,1553.606140679657,1508.3631921763256,1536.4656982421875,183380.0
2026-05-06,IPCALAB,1542.6442648451316,1575.5300921964813,1536.6650235085226,1558.987548828125,241418.0
2026-05-07,IPCALAB,1566.7603820461327,1584.8974858445033,1549.719569735947,1554.7022705078125,97347.0
2026-05-08,IPCALAB,1554.7023228940136,1604.927972696379,1540.2524901687125,1547.228271484375,247633.0
2026-05-11,IPCALAB,1551.8123527938847,1563.5715758283286,1519.9230663525166,1529.689208984375,533066.0
2026-05-12,IPCALAB,1529.6891995638116,1539.4553421355254,1493.8137525382108,1503.8787841796875,507486.0
2026-05-13,IPCALAB,1512.7479722616843,1533.5756860644462,1488.8310082733572,1501.0885009765625,251461.0
2026-05-14,IPCALAB,1504.7756989833535,1588.285816235129,1504.7756989833535,1578.4200439453125,543561.0
2026-05-15,IPCALAB,1587.1895283614735,1648.9750207801844,1579.3169580974682,1599.447021484375,1114457.0
2026-05-18,IPCALAB,1579.516165065929,1652.263597274013,1579.516165065929,1640.6041259765625,634585.0
2026-05-19,IPCALAB,1645.2878881953243,1656.4490898982103,1628.3467046100302,1650.4698486328125,256508.0
2026-05-20,IPCALAB,1642.1986270967345,1672.4934736389157,1629.6422448513758,1640.903076171875,273088.0
2026-05-21,IPCALAB,1644.2913262816414,1654.2567282591058,1613.3985801515014,1631.3363037109375,220532.0
2026-05-22,IPCALAB,1642.7964957720362,1642.7964957720362,1590.9764061268158,1596.5570068359375,100242.0
2026-05-25,IPCALAB,1604.330136441581,1612.2028285677384,1559.7847152874394,1565.564697265625,109349.0
2026-05-26,IPCALAB,1560.7811824810256,1594.3646595621499,1560.1832827021508,1572.5404052734375,136241.0
2026-05-27,IPCALAB,1571.543899469463,1586.8906429187978,1561.578497443658,1566.9598388671875,74100.0
2026-05-28,IPCALAB,1566.9598388671875,1566.9598388671875,1566.9598388671875,1566.9598388671875,0.0
2026-05-29,IPCALAB,1571.4442132454913,1613.0995192260066,1477.7694375729093,1519.1258544921875,979166.0
2026-06-01,IPCALAB,1524.706497647665,1558.7881236417763,1471.9894970268535,1485.2435302734375,270268.0
2026-06-02,IPCALAB,1504.7757337456699,1512.7480555138588,1464.914124904725,1502.483642578125,383375.0
2026-06-03,IPCALAB,1502.4835357923193,1556.6953442926113,1493.9133148302217,1549.3209228515625,274172.0
2026-06-04,IPCALAB,1549.3210106403596,1621.27128655024,1532.7784675393425,1608.4158935546875,396358.0
2026-06-05,IPCALAB,1609.3127752534485,1644.8892113350992,1604.7287147144755,1636.2193603515625,242278.0
2026-06-08,IPCALAB,1604.429652857466,1662.2289819666169,1604.429652857466,1643.693359375,924718.0
2026-06-09,IPCALAB,1643.6934230300612,1664.2221267307987,1620.3743581223225,1628.3466796875,116776.0
2026-06-10,IPCALAB,1635.820767573835,1653.1605916937344,1615.3916931082465,1624.559814453125,172179.0
2026-06-11,IPCALAB,1624.559754590941,1636.3189773872612,1600.6427902442333,1608.0172119140625,86082.0
2026-06-12,IPCALAB,1624.1611993773897,1634.3258603373738,1563.1728686735798,1577.5230712890625,131987.0
2026-06-15,IPCALAB,1607.419287869184,1607.419287869184,1560.5819000639442,1570.248291015625,118009.0
2026-06-16,IPCALAB,1570.1486929084006,1578.4200251123186,1539.6545875429692,1544.8365478515625,83984.0
2026-06-17,IPCALAB,1549.5203668515876,1553.3071465874705,1527.2974719397519,1533.3763427734375,94273.0
2026-06-18,IPCALAB,1540.651120178604,1545.6338210847446,1524.706477278955,1538.2593994140625,125608.0
2026-06-19,IPCALAB,1545.633829409784,1603.5327899213944,1537.1632378237216,1580.3134765625,262446.0
2026-06-22,IPCALAB,1597.4539120198099,1599.3473626955288,1576.9252085966855,1591.773681640625,86624.0
2026-06-23,IPCALAB,1605.525874656283,1635.7210910513493,1594.3646731952795,1619.3778076171875,179904.0
2026-06-24,IPCALAB,1609.4124417300975,1633.3294068084394,1597.0553187766923,1615.5909423828125,116670.0
2026-06-25,IPCALAB,1621.6699115795805,1649.2740263831176,1600.4435567198109,1612.7010498046875,167145.0
2026-06-26,IPCALAB,1612.7010498046875,1612.7010498046875,1612.7010498046875,1612.7010498046875,0.0
2026-06-29,IPCALAB,1612.7010619643502,1659.1398111749027,1610.408970834295,1641.5009765625,333883.0
2026-06-30,IPCALAB,1643.2947781320042,1729.9937749164096,1630.1404962445938,1695.1148681640625,919073.0
2026-07-01,IPCALAB,1713.8498259298024,1760.5874623909313,1675.8815482916161,1690.53076171875,222143.0
2026-07-02,IPCALAB,1708.9667411643136,1718.7327617232497,1685.2490367463845,1713.451171875,172457.0
2026-07-03,IPCALAB,1723.0179817136766,1782.11286340677,1713.4512202570065,1772.745361328125,571448.0
2026-07-06,IPCALAB,1792.2775492535966,1806.2291120501218,1754.3093919726482,1776.2332763671875,393648.0
2026-07-07,IPCALAB,1763.876185532445,1793.7723920668934,1761.3848349879077,1786.896240234375,139839.0
2026-07-08,IPCALAB,1773.8415735987905,1800.1502594694014,1735.0761351045928,1756.302490234375,166406.0
2026-07-09,IPCALAB,1768.8588408271132,1790.9819844306633,1755.9038183309146,1764.2747802734375,96723.0
2026-07-10,IPCALAB,1781.8138630880314,1793.1744456051,1734.9764740694982,1781.7142333984375,146840.0
2026-07-13,IPCALAB,1781.7142733752535,1832.139183886371,1753.9107770682692,1816.9918212890625,341668.0
2026-07-14,IPCALAB,1816.6927691116746,1844.0976243780328,1806.0298377217714,1834.0325927734375,241497.0
2026-07-15,IPCALAB,1833.6339149028222,1874.8907023177296,1814.2013815655368,1871.50244140625,291486.0
2026-07-16,IPCALAB,1874.3924057779539,1903.2920703332213,1861.3377540498234,1883.66015625,794803.0
2026-07-17,IPCALAB,1881.4679097208907,1938.1710717957815,1840.4105018755781,1894.0242919921875,157265.0
2026-07-20,IPCALAB,1894.422901734725,1921.6284975887365,1815.1979566069444,1832.23876953125,301713.0
2026-07-21,IPCALAB,1823.6685019509537,1838.5169747390553,1778.9238242128363,1792.7757568359375,437799.0
2026-07-22,IPCALAB,1783.8069440773954,1788.6900153488778,1722.2207115388862,1782.3121337890625,193000.0
2026-07-23,IPCALAB,1781.8138229194735,1791.0816951542495,1754.4089682604772,1765.0718994140625,162968.0
2026-07-24,IPCALAB,1758.893409421776,1782.710743941274,1740.9556862661996,1756.601318359375,79195.0
2026-07-27,IPCALAB,1756.6013558430052,1793.77235383443,1743.5467035974714,1771.4498291015625,119666.0
2026-07-28,IPCALAB,1783.806965008603,1797.9577872450122,1719.0318517541007,1782.8104248046875,238234.0
2026-07-29,IPCALAB,1773.9411965276229,1801.7446926070725,1753.9107627148494,1768.360595703125,155850.0
2026-07-30,IPCALAB,1763.8761674864609,1783.8069716388502,1735.9730416731156,1752.7149658203125,140552.0
2026-07-31,IPCALAB,1752.9141307522614,1774.140484690029,1734.9764079816298,1741.7529296875,138035.0
2026-08-03,IPCALAB,1746.8353571137438,1760.886549734492,1708.0699186445497,1719.6297607421875,159711.0
2026-08-04,IPCALAB,1719.3308981121395,1724.7121180064435,1677.8747274515902,1688.836669921875,222711.0
2026-08-05,IPCALAB,1696.709300528209,1771.8484550670591,1676.6788670699252,1758.8934326171875,290079.0
2026-08-06,IPCALAB,1768.8588396379532,1778.8242415514064,1722.121080334263,1728.199951171875,151963.0
2026-08-07,IPCALAB,1725.0,1745.0,1711.699951171875,1735.800048828125,79829.0
2026-08-10,IPCALAB,1737.699951171875,1745.0,1674.4000244140625,1685.800048828125,239283.0
2026-08-11,IPCALAB,1686.0,1751.9000244140625,1683.0999755859375,1748.4000244140625,233132.0
2026-08-12,IPCALAB,1758.5,1784.4000244140625,1744.0,1766.5999755859375,149151.0
2026-08-13,IPCALAB,1781.0,1905.0,1767.699951171875,1796.300048828125,1835473.0
2026-08-14,IPCALAB,1800.800048828125,1805.0,1720.0,1734.199951171875,390591.0
2026-08-17,IPCALAB,1805.9000244140625,1945.0999755859375,1805.9000244140625,1884.5999755859375,6964903.0
2026-08-18,IPCALAB,1877.0999755859375,1919.0,1862.300048828125,1882.0999755859375,804532.0
2026-08-19,IPCALAB,1882.0999755859375,1937.9000244140625,1863.0,1903.699951171875,753334.0
2026-08-20,IPCALAB,1922.0,1928.4000244140625,1880.4000244140625,1900.0999755859375,236586.0
2026-08-21,IPCALAB,1900.0999755859375,1922.0,1889.0999755859375,1911.199951171875,194059.0
2026-08-24,IPCALAB,1920.5999755859375,1938.0,1898.0,1920.4000244140625,277434.0
2026-08-25,IPCALAB,1916.0,1958.5999755859375,1911.5999755859375,1928.5,427720.0
2026-08-26,IPCALAB,1935.199951171875,1992.0,1935.0999755859375,1952.4000244140625,455426.0
2026-08-27,IPCALAB,1954.800048828125,1970.300048828125,1947.300048828125,1959.800048828125,122184.0
2026-08-28,IPCALAB,1951.0,1977.300048828125,1929.800048828125,1950.300048828125,276397.0
2026-08-31,IPCALAB,1962.199951171875,1987.5,1943.5999755859375,1974.9000244140625,357067.0
2026-09-01,IPCALAB,1985.0,1994.199951171875,1949.300048828125,1987.5999755859375,216317.0
2026-09-02,IPCALAB,1979.0,2001.5,1948.9000244140625,1956.5,161648.0
2026-09-03,IPCALAB,1959.5,1978.199951171875,1907.9000244140625,1956.0999755859375,301813.0
2026-09-04,IPCALAB,1950.0,1969.0,1944.199951171875,1965.300048828125,80401.0
2026-09-07,IPCALAB,1965.4000244140625,1978.4000244140625,1943.699951171875,1959.0999755859375,92425.0
2026-09-08,IPCALAB,1959.9000244140625,1996.9000244140625,1959.9000244140625,1967.199951171875,158357.0
2026-09-09,IPCALAB,1956.0,1983.5,1948.0,1963.5999755859375,126119.0
2026-09-10,IPCALAB,1954.5999755859375,1979.9000244140625,1953.0999755859375,1970.9000244140625,209376.0
2026-09-11,IPCALAB,1975.800048828125,1995.0,1958.4000244140625,1968.5,176417.0
2026-09-14,IPCALAB,1968.5,1968.5,1968.5,1968.5,0.0
2026-09-15,IPCALAB,1976.699951171875,1995.9000244140625,1924.0,1932.4000244140625,274487.0
2026-09-16,IPCALAB,1963.300048828125,1983.0,1905.0,1950.699951171875,337123.0
2026-09-17,IPCALAB,1940.0,2014.0,1937.9000244140625,1970.300048828125,555590.0
2026-09-18,IPCALAB,1972.300048828125,2038.0,1964.0,2009.5999755859375,527501.0
2026-09-21,IPCALAB,2012.0,2033.9000244140625,2000.800048828125,2008.199951171875,173299.0
2026-09-22,IPCALAB,2015.5,2037.0,1980.0,1992.4000244140625,122345.0
2026-09-23,IPCALAB,1993.0,1999.4000244140625,1948.5,1962.5999755859375,159445.0
2026-09-24,IPCALAB,1968.9000244140625,2006.9000244140625,1962.5999755859375,1997.0999755859375,272964.0
2026-09-25,IPCALAB,2020.0,2020.0,1950.0,1970.800048828125,263825.0
2026-09-28,IPCALAB,1956.0,1972.9000244140625,1902.300048828125,1919.300048828125,170123.0
2026-09-29,IPCALAB,1919.699951171875,1980.0,1919.699951171875,1938.0999755859375,246032.0
2026-02-25,LAURUSLABS,1033.9705707732805,1077.8269314499657,1031.12342982325,1075.2794189453125,2096497.0
2026-02-26,LAURUSLABS,1078.9257678448866,1102.4523923955064,1071.9327304607068,1091.6630859375,2451607.0
2026-02-27,LAURUSLABS,1087.3174232097429,1098.7559854339422,1066.7878149430944,1074.72998046875,1691058.0
2026-03-02,LAURUSLABS,1028.9754873642898,1072.831845632993,1028.9754873642898,1063.940673828125,2261544.0
2026-03-04,LAURUSLABS,1057.946729206087,1059.9447400261174,1018.8856420642735,1029.574951171875,1499364.0
2026-03-05,LAURUSLABS,1035.9685690252804,1056.647931411414,1032.6718025236544,1044.8597412109375,938473.0
2026-03-06,LAURUSLABS,1043.9606721123685,1053.9507263909557,1021.3831738325422,1025.1793212890625,810949.0
2026-03-09,LAURUSLABS,1004.0004109262136,1025.079400138964,974.0302494060281,1019.9844970703125,1955333.0
2026-03-10,LAURUSLABS,1028.9754866818703,1050.8537277302244,1028.9754866818703,1036.967529296875,1367343.0
2026-03-11,LAURUSLABS,1042.661865353298,1066.9377448442003,1029.974545818699,1039.964599609375,1839756.0
2026-03-12,LAURUSLABS,1040.9636363890793,1055.9487175271177,1016.5878800147559,1045.7589111328125,1300644.0
2026-03-13,LAURUSLABS,1035.9685954846152,1049.455168328436,979.8244800435964,1002.4020385742188,3068139.0
2026-03-16,LAURUSLABS,996.7076833955515,1012.8915828044844,950.8533118993164,959.8443603515625,2979584.0
2026-03-17,LAURUSLABS,961.9422922966227,986.0182972521075,961.0431630765222,967.7365112304688,1580678.0
2026-03-18,LAURUSLABS,975.9284009266603,990.8135448214653,967.5367311659006,982.4219360351562,1187761.0
2026-03-19,LAURUSLABS,974.0302425348043,974.230055805086,935.3687222516099,943.960205078125,1329267.0
2026-03-20,LAURUSLABS,959.8443727902885,989.9144718104853,952.0521428922515,986.2181396484375,1763554.0
2026-03-23,LAURUSLABS,978.1261328815746,980.4238940109693,956.4477651431187,960.4437866210938,1068049.0
2026-03-24,LAURUSLABS,977.0272775380412,1000.5039043500493,965.0392127829732,991.6127319335938,1521765.0
2026-03-25,LAURUSLABS,1007.9964167860932,1027.9765241554906,994.4099681646826,1022.4819946289062,1421805.0
2026-03-27,LAURUSLABS,1017.9864980891119,1019.9845088802584,999.5048982710074,1007.796630859375,6517137.0
2026-03-30,LAURUSLABS,1000.0043788896693,1002.9015188626457,983.7206034962459,991.712646484375,1517014.0
2026-04-01,LAURUSLABS,1019.0853717805403,1043.3612514854397,1016.5379202363514,1037.766845703125,2351992.0
2026-04-02,LAURUSLABS,1026.9775875915045,1048.7559548627933,993.2611541467445,1041.86279296875,2919766.0
2026-04-06,LAURUSLABS,1041.8627515528137,1062.4922373635516,1013.2911606514663,1057.1474609375,1952469.0
2026-04-07,LAURUSLABS,1058.8458297167995,1070.3343916200552,1043.9606251219318,1056.398193359375,1562842.0
2026-04-08,LAURUSLABS,1075.9287606442904,1091.1635922133019,1071.033610045452,1081.373291015625,1645757.0
2026-04-09,LAURUSLABS,1079.9248045939983,1089.8149821433342,1072.9817660544747,1082.6220703125,974649.0
2026-04-10,LAURUSLABS,1090.014779132415,1107.897000372207,1078.5262169103407,1097.257568359375,1769594.0
2026-04-13,LAURUSLABS,1079.525227488237,1091.7131667254225,1071.483307063633,1086.7181396484375,1313173.0
2026-04-15,LAURUSLABS,1120.8840514412348,1122.8820622281173,1092.6621490765156,1116.4884033203125,1723052.0
2026-04-16,LAURUSLABS,1125.8790283014673,1134.6203251050501,1111.6932011254967,1127.2276611328125,1250244.0
2026-04-17,LAURUSLABS,1128.876080388097,1141.2137724521162,1121.4335390801423,1134.620361328125,1232935.0
2026-04-20,LAURUSLABS,1134.6203705955259,1143.7112952459565,1117.2876514855636,1128.3765869140625,1180808.0
2026-04-21,LAURUSLABS,1126.5283969608467,1135.6693202190913,1108.9459273522655,1113.2415771484375,1493267.0
2026-04-22,LAURUSLABS,1108.8959647079696,1118.7861422964959,1092.911878730197,1095.009765625,1916410.0
2026-04-23,LAURUSLABS,1095.4094003114792,1128.8760805763534,1090.014746864078,1127.8770751953125,1920320.0
2026-04-24,LAURUSLABS,1128.0768645653684,1136.068907876349,1109.0957617017891,1112.342529296875,1666180.0
2026-04-27,LAURUSLABS,1117.6872197666435,1131.273667959475,1105.1996530546855,1122.4324951171875,1363246.0
2026-04-28,LAURUSLABS,1130.8740783296387,1131.8730836991879,1083.9208259608288,1089.3653564453125,2044775.0
2026-04-29,LAURUSLABS,1091.3634294673445,1114.6903037366749,1083.9208878190248,1104.9998779296875,1747114.0
2026-04-30,LAURUSLABS,1085.2196484638723,1111.8430456406286,1078.925865469074,1099.85498046875,2364117.0
2026-05-01,LAURUSLABS,1099.85498046875,1099.85498046875,1099.85498046875,1099.85498046875,0.0
2026-05-04,LAURUSLABS,1101.103651330194,1169.8352683982216,1100.9038990391464,1165.2398681640625,4720716.0
2026-05-05,LAURUSLABS,1171.3338082551243,1174.3308243956492,1156.5484798489756,1162.942138671875,5271484.0
2026-05-06,LAURUSLABS,1172.832315959771,1199.405834674361,1163.042014457549,1176.4287109375,3550499.0
2026-05-07,LAURUSLABS,1187.517583161605,1222.4827695988395,1182.5225565277142,1205.2999267578125,2528893.0
2026-05-08,LAURUSLABS,1206.0,1237.9000244140625,1206.0,1228.300048828125,1958542.0
2026-05-11,LAURUSLABS,1232.5,1277.300048828125,1221.4000244140625,1266.800048828125,3026020.0
2026-05-12,LAURUSLABS,1273.0,1289.0,1260.0999755859375,1268.0,2330669.0
2026-05-13,LAURUSLABS,1275.0,1292.5,1246.5999755859375,1280.5,3171882.0
2026-05-14,LAURUSLABS,1291.5,1324.0999755859375,1283.0999755859375,1315.5,2384098.0
2026-05-15,LAURUSLABS,1324.0,1327.9000244140625,1309.9000244140625,1323.5999755859375,2223101.0
2026-05-18,LAURUSLABS,1323.5999755859375,1333.5,1307.5999755859375,1327.300048828125,1925151.0
2026-05-19,LAURUSLABS,1335.0,1353.0999755859375,1322.0999755859375,1344.9000244140625,1880061.0
2026-05-20,LAURUSLABS,1339.0,1363.4000244140625,1335.5999755859375,1361.0999755859375,2103500.0
2026-05-21,LAURUSLABS,1373.9000244140625,1373.9000244140625,1342.199951171875,1351.0,2056966.0
2026-05-22,LAURUSLABS,1355.699951171875,1355.699951171875,1332.0999755859375,1343.5,1698593.0
2026-05-25,LAURUSLABS,1345.0,1363.9000244140625,1340.0,1356.300048828125,1632496.0
2026-05-26,LAURUSLABS,1361.0,1376.9000244140625,1357.0,1373.9000244140625,1754325.0
2026-05-27,LAURUSLABS,1369.9000244140625,1391.5,1365.0999755859375,1381.699951171875,1311180.0
2026-05-28,LAURUSLABS,1381.699951171875,1381.699951171875,1381.699951171875,1381.699951171875,0.0
2026-05-29,LAURUSLABS,1383.0,1393.4000244140625,1356.4000244140625,1362.0,1775559.0
2026-06-01,LAURUSLABS,1372.4000244140625,1398.800048828125,1358.0,1388.4000244140625,2996514.0
2026-06-02,LAURUSLABS,1388.0,1390.699951171875,1370.5,1382.5999755859375,2356089.0
2026-06-03,LAURUSLABS,1382.0,1396.800048828125,1371.0,1394.300048828125,1443846.0
2026-06-04,LAURUSLABS,1392.0,1433.699951171875,1384.0,1427.199951171875,1983191.0
2026-06-05,LAURUSLABS,1435.0,1450.0999755859375,1428.4000244140625,1446.800048828125,1515580.0
2026-06-08,LAURUSLABS,1432.0,1457.0,1393.199951171875,1404.699951171875,2026791.0
2026-06-09,LAURUSLABS,1415.0,1440.0,1399.800048828125,1424.4000244140625,1727331.0
2026-06-10,LAURUSLABS,1424.4000244140625,1427.0,1380.5,1385.699951171875,1334485.0
2026-06-11,LAURUSLABS,1385.0,1408.9000244140625,1376.5999755859375,1390.800048828125,1505571.0
2026-06-12,LAURUSLABS,1408.0,1410.0,1373.800048828125,1394.300048828125,1207798.0
2026-06-15,LAURUSLABS,1414.0,1414.0,1381.0999755859375,1389.0999755859375,1241974.0
2026-06-16,LAURUSLABS,1399.699951171875,1406.0,1342.9000244140625,1376.4000244140625,3447151.0
2026-06-17,LAURUSLABS,1376.0,1389.0,1357.0999755859375,1369.800048828125,1070660.0
2026-06-18,LAURUSLABS,1372.0,1380.0,1352.699951171875,1368.800048828125,1650715.0
2026-06-19,LAURUSLABS,1368.0,1424.5999755859375,1363.800048828125,1412.9000244140625,2349174.0
2026-06-22,LAURUSLABS,1415.0,1441.0,1410.5,1435.9000244140625,1721696.0
2026-06-23,LAURUSLABS,1443.4000244140625,1486.0,1435.0,1481.0,4012866.0
2026-06-24,LAURUSLABS,1484.0,1492.5999755859375,1441.0999755859375,1454.199951171875,2208134.0
2026-06-25,LAURUSLABS,1455.5,1463.5999755859375,1438.5999755859375,1450.0,1403450.0
2026-06-26,LAURUSLABS,1450.0,1450.0,1450.0,1450.0,0.0
2026-06-29,LAURUSLABS,1450.0,1531.199951171875,1450.0,1500.300048828125,12321744.0
2026-06-30,LAURUSLABS,1500.300048828125,1522.4000244140625,1485.0,1517.4000244140625,3274608.0
2026-07-01,LAURUSLABS,1525.0,1531.199951171875,1481.0,1493.300048828125,2032970.0
2026-07-02,LAURUSLABS,1495.199951171875,1530.0,1476.0,1528.0,2761759.0
2026-07-03,LAURUSLABS,1530.0,1555.0,1522.0,1542.300048828125,3334092.0
2026-07-06,LAURUSLABS,1543.5,1551.0,1512.699951171875,1529.199951171875,1934695.0
2026-07-07,LAURUSLABS,1529.0,1533.699951171875,1469.4000244140625,1477.4000244140625,2329480.0
2026-07-08,LAURUSLABS,1474.9000244140625,1495.0999755859375,1448.199951171875,1469.199951171875,1918516.0
2026-07-09,LAURUSLABS,1468.0999755859375,1524.5999755859375,1460.0,1507.4000244140625,2035031.0
2026-07-10,LAURUSLABS,1517.0,1548.0,1504.0999755859375,1537.800048828125,2041624.0
2026-07-13,LAURUSLABS,1534.5,1565.4000244140625,1525.0999755859375,1558.5999755859375,1938466.0
2026-07-14,LAURUSLABS,1557.0,1573.5,1549.5,1560.699951171875,1288969.0
2026-07-15,LAURUSLABS,1565.800048828125,1579.0999755859375,1549.5,1554.300048828125,1430478.0
2026-07-16,LAURUSLABS,1554.300048828125,1569.0,1551.300048828125,1557.5999755859375,1001677.0
2026-07-17,LAURUSLABS,1560.4000244140625,1561.0,1520.4000244140625,1529.800048828125,1011017.0
2026-07-20,LAURUSLABS,1534.9000244140625,1572.199951171875,1527.199951171875,1558.9000244140625,1235837.0
2026-07-21,LAURUSLABS,1559.699951171875,1600.0999755859375,1557.0,1593.199951171875,1871739.0
2026-07-22,LAURUSLABS,1591.0,1593.199951171875,1566.0,1577.800048828125,1183077.0
2026-07-23,LAURUSLABS,1577.699951171875,1586.0999755859375,1561.0999755859375,1568.300048828125,1098268.0
2026-07-24,LAURUSLABS,1560.0,1610.0,1554.9000244140625,1601.199951171875,2647403.0
2026-07-27,LAURUSLABS,1624.800048828125,1734.5,1617.0999755859375,1713.4000244140625,7989771.0
2026-07-28,LAURUSLABS,1713.0,1762.0,1707.699951171875,1758.9000244140625,4407907.0
2026-07-29,LAURUSLABS,1762.0,1797.9000244140625,1754.300048828125,1781.300048828125,3000811.0
2026-07-30,LAURUSLABS,1785.0,1798.9000244140625,1773.300048828125,1781.300048828125,2402202.0
2026-07-31,LAURUSLABS,1785.0,1826.5999755859375,1785.0,1816.199951171875,2502579.0
2026-08-03,LAURUSLABS,1821.0,1838.300048828125,1789.0999755859375,1811.4000244140625,1919384.0
2026-08-04,LAURUSLABS,1811.0,1850.0,1806.0999755859375,1850.0,1405192.0
2026-08-05,LAURUSLABS,1854.0,1856.5999755859375,1834.5,1835.0,2090998.0
2026-08-06,LAURUSLABS,1843.0,1854.9000244140625,1830.0,1830.0,2037418.0
2026-08-07,LAURUSLABS,1838.0,1856.0,1833.199951171875,1844.300048828125,1553067.0
2026-08-10,LAURUSLABS,1845.0,1870.800048828125,1832.800048828125,1854.0,1386592.0
2026-08-11,LAURUSLABS,1851.0,1859.0,1833.0999755859375,1858.0,1514239.0
2026-08-12,LAURUSLABS,1856.300048828125,1862.300048828125,1835.0,1850.0,1088545.0
2026-08-13,LAURUSLABS,1850.0,1851.699951171875,1820.5999755859375,1851.699951171875,1345856.0
2026-08-14,LAURUSLABS,1849.9000244140625,1853.199951171875,1777.699951171875,1787.300048828125,1581352.0
2026-08-17,LAURUSLABS,1770.0,1824.0,1769.4000244140625,1809.699951171875,1631767.0
2026-08-18,LAURUSLABS,1810.0,1824.5999755859375,1802.0999755859375,1814.0,1291914.0
2026-08-19,LAURUSLABS,1814.0,1818.0,1789.9000244140625,1801.800048828125,1426377.0
2026-08-20,LAURUSLABS,1819.0,1832.0,1813.800048828125,1825.0,1315065.0
2026-08-21,LAURUSLABS,1825.0,1836.4000244140625,1790.300048828125,1802.0,1401995.0
2026-08-24,LAURUSLABS,1800.0,1810.800048828125,1790.0,1801.0,2894242.0
2026-08-25,LAURUSLABS,1808.0,1869.4000244140625,1796.5,1866.199951171875,3550945.0
2026-08-26,LAURUSLABS,1871.0999755859375,1898.300048828125,1857.4000244140625,1887.0,3334188.0
2026-08-27,LAURUSLABS,1891.300048828125,1930.0,1878.4000244140625,1929.4000244140625,4249869.0
2026-08-28,LAURUSLABS,1929.699951171875,1938.5,1910.0999755859375,1938.5,2231476.0
2026-08-31,LAURUSLABS,1945.0,1949.0,1847.800048828125,1915.0,30995343.0
2026-09-01,LAURUSLABS,1888.9000244140625,1895.0,1837.4000244140625,1861.5999755859375,3530385.0
2026-09-02,LAURUSLABS,1853.199951171875,1864.4000244140625,1811.699951171875,1864.0,2265630.0
2026-09-03,LAURUSLABS,1864.9000244140625,1876.5999755859375,1852.5999755859375,1868.5,1506361.0
2026-09-04,LAURUSLABS,1855.0,1871.800048828125,1835.199951171875,1840.0,1075943.0
2026-09-07,LAURUSLABS,1840.0,1876.699951171875,1832.699951171875,1876.699951171875,1148664.0
2026-09-08,LAURUSLABS,1870.800048828125,1952.0,1862.699951171875,1946.9000244140625,2115447.0
2026-09-09,LAURUSLABS,1946.9000244140625,1955.0,1917.9000244140625,1937.0,1822218.0
2026-09-10,LAURUSLABS,1932.5999755859375,1950.5,1920.9000244140625,1945.0,1067622.0
2026-09-11,LAURUSLABS,1943.0,1981.800048828125,1918.0999755859375,1969.0,2277375.0
2026-09-14,LAURUSLABS,1969.0,1969.0,1969.0,1969.0,0.0
2026-09-15,LAURUSLABS,1975.0,1981.0,1915.5999755859375,1926.9000244140625,1538262.0
2026-09-16,LAURUSLABS,1924.5999755859375,1940.4000244140625,1863.5,1905.5,2871410.0
2026-09-17,LAURUSLABS,1898.0,1964.5,1894.800048828125,1948.0999755859375,1645108.0
2026-09-18,LAURUSLABS,1962.0,1982.0,1954.0,1954.0,2655873.0
2026-09-21,LAURUSLABS,1966.5999755859375,2023.5,1963.800048828125,2017.5,2170267.0
2026-09-22,LAURUSLABS,2018.0,2032.800048828125,2002.199951171875,2006.5,1487044.0
2026-09-23,LAURUSLABS,2009.5,2037.199951171875,1999.699951171875,2034.0,1363988.0
2026-09-24,LAURUSLABS,2021.0999755859375,2055.300048828125,2020.0,2026.199951171875,1388039.0
2026-09-25,LAURUSLABS,2026.0,2040.0,1979.199951171875,2007.0,1442142.0
2026-09-28,LAURUSLABS,2000.0,2012.300048828125,1984.800048828125,2010.699951171875,950451.0
2026-09-29,LAURUSLABS,2020.699951171875,2024.9000244140625,1979.0,1979.0,2425137.0
